{"cameraMode":{"drawMode":0,"name":"Shaded","section":"Shading Mode"},"sceneLighting":true,"audioPlay":false,"sceneViewState":{"m_AlwaysRefresh":false,"showFog":true,"showSkybox":true,"showFlares":true,"showImageEffects":true,"showParticleSystems":true,"showVisualEffectGraphs":true,"m_FxEnabled":true},"in2DMode":false,"pivot":{"x":-0.025288283824920656,"y":-3.059579849243164,"z":5.688021183013916},"rotation":{"x":-0.3367602527141571,"y":-0.012154986150562764,"z":0.004348488990217447,"w":-0.9415124654769898},"size":3.874136447906494,"orthographic":false}