{"cameraMode":{"drawMode":0,"name":"Shaded","section":"Shading Mode"},"sceneLighting":true,"audioPlay":false,"sceneViewState":{"m_AlwaysRefresh":false,"showFog":true,"showSkybox":true,"showFlares":true,"showImageEffects":true,"showParticleSystems":true,"showVisualEffectGraphs":true,"m_FxEnabled":true},"in2DMode":false,"pivot":{"x":0.30116313695907595,"y":0.6800192594528198,"z":7.6119256019592289},"rotation":{"x":-0.0401904359459877,"y":-0.10649613291025162,"z":0.00505827134475112,"w":-0.9936172366142273},"size":2.3225934505462648,"orthographic":false}