{"cameraMode":{"drawMode":0,"name":"Shaded","section":"Shading Mode"},"sceneLighting":true,"audioPlay":false,"sceneViewState":{"m_AlwaysRefresh":false,"showFog":true,"showSkybox":true,"showFlares":true,"showImageEffects":true,"showParticleSystems":true,"showVisualEffectGraphs":true,"m_FxEnabled":true},"in2DMode":false,"pivot":{"x":-2.435018539428711,"y":3.2459840774536135,"z":4.138344764709473},"rotation":{"x":0.05225563421845436,"y":-0.4569980502128601,"z":0.02690701372921467,"w":0.8875297904014587},"size":13.193429946899414,"orthographic":false}