{"cameraMode":{"drawMode":0,"name":"Shaded","section":"Shading Mode"},"sceneLighting":false,"audioPlay":false,"sceneViewState":{"m_AlwaysRefresh":false,"showFog":true,"showSkybox":false,"showFlares":true,"showImageEffects":true,"showParticleSystems":true,"showVisualEffectGraphs":true,"m_FxEnabled":true},"in2DMode":false,"pivot":{"x":0.44856393337249758,"y":1.663482666015625,"z":-0.08895933628082276},"rotation":{"x":0.094227135181427,"y":0.26143133640289309,"z":-0.02565094083547592,"w":0.9602524042129517},"size":1.1432489156723023,"orthographic":false}